Hebrew name,Population,English name
אבו גוש,7699,Abu Ghosh
אבו סנאן,14100,Abu Sinan
אבו קורינאת (יישוב),1904,Abu Qureinat
אבו תלול,2023,Abu Tulul                                         
אבטין,2835,Ibtin
אבטליון,468,Avtalyon
אביאל,822,Avi'el
אביבים,471,Avivim
אביגדור,826,Avigedor
אביחיל,1422,Avihayil
אביטל,494,Avital
אביעזר,875,Avi'ezer
אבירים,263,Abbirim
אבן יהודה,13826,Even Yehuda
אבן מנחם,299,Even Menahem
אבן ספיר,702,Even Sappir
אבן שמואל,1807,Even Shemu'el
אבני איתן,725,Avne Etan
אבני חפץ,1923,Avne Hefez
אבנת,237,Avenat
אבשלום,298,Avshalom
אדורה,462,Adora
אדירים,272,Addirim
אדמית,216,Adamit
אדרת,883,Adderet
אודים,1378,Udim
אודם,155,Odem
אוהד,407,Ohad
אום אל-פחם,56108,Umm al-Fahm
אום אל-קוטוף,1117,Umm Al-Qutuf
אום בטין,4277,Umm Batin
אומן,387,Omen
אומץ,849,Omez
אופקים,30663,Ofaqim
אור הגנוז,574,Or HaGanuz
אור הנר,768,Or HaNer
אור יהודה,36813,Or Yehuda
אור עקיבא,18972,Or Aqiva
אורה,1314,Ora
אורות,496,Orot
אורטל,343,Ortal
אורים,501,Urim
אורנים,178,Oranim
אורנית,8955,Oranit
אושה,533,Usha
אזור,12957,Azor
אחווה,303,Ahawa
אחוזם,548,Ahuzzam
אחוזת ברק,2279,Ahuzzat Baraq
אחיהוד,892,Ahihud
אחיטוב,1093,Ahituv
אחיסמך,1377,Ahisamakh
אחיעזר,1906,Ahi'ezer
איבים,457,Ibbim
אייל,534,Eyal
איילת השחר,1134,Ayyelet HaShahar
אילון,1031,Elon
אילות,314,Elot
אילנייה,490,Ilaniyya
אילת,52300,Elat
אירוס,706,Irus
איתמר,1269,Itamar
איתן,464,Etan
איתנים,81,Etanim
אכסאל,14784,Iksal
אל -עזי,195,Al-Azy
אל -עריאן,191,Al-Aryan
אל -רום,398,El-Rom
אל סייד,5876,Al Sayyid
אלומה,537,Alumma
אלומות,405,Alummot
אלון הגליל,1118,Allon HaGalil    
אלון מורה,1920,Elon More   
אלון שבות,3098,Allon Shevut
אלוני אבא,992,Allone Abba
אלוני הבשן,457,Allone HaBashan
אלוני יצחק,308,Allone Yizhaq
אלונים,515,Allonim
אלי-עד,433,Eli-Ad
אליאב,546,Eliav
אליכין,3415,Elyakhin
אליפז,151,Elifaz
אליפלט,651,Elifelet
אליקים,909,Elyaqim
אלישיב,713,Elyashiv
אלישמע,1200,Elishama
אלמגור,418,Almagor
אלמוג,255,Almog
אלעד,48763,El'ad
אלעזר,2459,El'azar
אלפי מנשה,7952,Alfe Menashe
אלקוש,275,Elqosh
אלקנה,3838,Elqana
אמונים,993,Emunim
אמירים,865,Amirim
אמנון,391,Amnun
אמציה,263,Amazya
אניעם,532,Ani'am
אספר,932,Asfar
אעבלין,13305,I'billin
אפיק,344,Afiq
אפיקים,1510,Afiqim
אפק,712,Afeq
אפרת,10806,Efrat
ארבל,735,Arbel
ארגמן,133,Argaman
ארז,558,Erez
אריאל,20540,Ari'el
ארסוף,166,Arsuf
אשבול,652,Eshbol
אשבל,126,Eshbal
אשדוד,225939,Ashdod
אשדות יעקב (איחוד),1003,Ashdot Ya'aqov(Ihud)
אשדות יעקב (מאוחד),545,Ashdot Ya'aqov(Me'uhad)
אשחר,965,Eshhar
אשכולות,577,Eshkolot
אשל הנשיא,355,Eshel HaNasi
אשלים,568,Ashalim
אשקלון,144072,Ashqelon
אשרת,588,Asherat
אשתאול,1238,Eshta'ol
באקה אל-גרביה,29950,Baqa Al-Gharbiyye                                 
באר אורה,1033,Be'er Ora
באר גנים,1525,Be'er Gannim
באר טוביה,1289,Be'er Toviyya
באר יעקב,27767,Be'er Ya'aqov
באר מילכה,188,Be'er Milka
באר שבע,209687,Be'er Sheva
בארות יצחק,414,Be'erot Yizhaq
בארותיים,1144,Be'erotayim
בארי,1050,Be'eri
בוסתן הגליל,1302,Bustan HaGalil
בועיינה-נוג'ידאת,9812,Bu'eine-Nujeidat
בוקעאתא,6610,Buq'ata
בורגתה,1135,Burgeta
בחן,1084,Bahan
בטחה,777,Bitha
ביצרון,1258,Bizzaron
ביר אל-מכסור,9522,Bir El-Maksur
ביר הדאג',5874,Bir Hadage
בירייה,839,Biriyya
בית אורן,507,Bet Oren
בית אל,5973,Bet El
בית אלעזרי,1567,Bet El'azari
בית אלפא,1075,Bet Alfa
בית אריה-עופרים,5253,Bet Arye-Ofarim
בית ברל,198,Bet Berl
בית ג'ן,12001,Beit Jann
בית גוברין,434,Bet Guvrin
בית גמליאל,1019,Bet Gamli'el
בית דגן,7284,Bet Dagan
בית הגדי,847,Bet HaGaddi
בית הלוי,828,Bet HaLewi
בית הלל,775,Bet Hillel
בית העמק,577,Bet HaEmeq
בית הערבה,350,Bet HaArava
בית השיטה,1263,Bet HaShitta
בית זיד,84,Bet Zeid
בית זית,1708,Bet Zayit
בית זרע,578,Bet Zera
בית חורון,1437,Bet Horon
בית חירות,916,Bet Herut
בית חלקיה,1248,Bet Hilqiyya
בית חנן,542,Bet Hanan
בית חנניה,907,Bet Hananya
בית חשמונאי,2197,Bet Hashmonay
בית יהושע,1046,Bet Yehoshua
בית יוסף,481,Bet Yosef
בית ינאי,372,Bet Yannay
בית יצחק-שער חפר,2131,Bet Yizhaq-Sh. Hefer
בית לחם הגלילית,843,Bet Lehem HaGelilit 
בית מאיר,877,Bet Me'ir
בית נחמיה,879,Bet Nehemya
בית ניר,608,Bet Nir
בית נקופה,744,Bet Neqofa
בית עובד,263,Bet Oved
בית עוזיאל,624,Bet Uzzi'el
בית עזרא,1116,Bet Ezra
בית עריף,1174,Bet Arif
בית צבי,347,Bet Zevi
בית קמה,1405,Bet Qama
בית קשת,713,Bet Qeshet
בית רבן,1019,Bet Rabban 
בית רימון,876,Bet Rimmon
בית שאן,18463,Bet She'an 
בית שמש,124957,Bet Shemesh
בית שערים,766,Bet She'arim 
בית שקמה,862,Bet Shiqma
ביתן אהרן,152,Bitan Aharon
ביתר עילית,59269,Betar Illit
בלפוריה,529,Balfurya
בן זכאי,1132,Ben Zakkay
בן עמי,765,Ben Ammi
בן שמן (כפר נוער),620,Ben Shemen(K.No'ar)
בן שמן (מושב),870,Ben Shemen (Moshav)
בני ברק,204640,Bene Beraq
בני דקלים,1211,Bne Dkalim
בני דרום,903,Bene Darom
בני דרור,1171,Bene Deror
בני יהודה,1085,Bene Yehuda
בני נצרים,770,Bne Netsarim
בני עטרות,965,Bene Atarot
"בני עי""ש",6978,Bene Ayish
בני ציון,1371,Bene Ziyyon
בני ראם,1416,Bene Re'em
בניה,798,Benaya
בנימינה-גבעת עדה*,15846,Binyamina-Giv'at Ada
"בסמ""ה",10010,Basma
בסמת טבעון,7915,Basmat Tab'un
בענה,8381,Bi'ne
בצרה,1212,Bazra
בצת,295,Bezet
בקוע,786,Beqoa
בקעות,181,Beqa'ot
בר גיורא,674,Bar Giyyora
בר יוחאי,1072,Bar Yohay
ברוכין,1165,Brukhin
ברור חיל,953,Beror Hayil
ברוש,564,Berosh
ברכה,2757,Berakha
ברכיה,1274,Berekhya
ברעם,594,Bar'am
ברק,411,Baraq
ברקאי,553,Barqay
ברקן,1895,Barqan
ברקת,2081,Bareqet
בת הדר,760,Bat Hadar
בת חן,412,Bat Hen
בת חפר,5300,Bat Hefer
בת ים,129012,Bat Yam
בת עין,1568,Bat Ayin
בת שלמה,656,Bat Shelomo
ג'דיידה-מכר,21163,Judeide-Maker
ג'ולס,6466,Julis
ג'לג'וליה,10148,Jaljulye
ג'סר א-זרקא,14930,Jisr Az-Zarqa
ג'ש (גוש חלב),3105,Jish(Gush Halav)
ג'ת,12100,Jatt                                              
גאולי תימן,360,Ge'ule Teman
גאולים,968,Ge'ulim
גאליה,974,Ge'alya
גבולות,358,Gevulot
גבים,621,Gevim
גבע,618,Geva
גבע בנימין,5682,Geva Binyamin
גבע כרמל,1200,Geva  Karmel
גבעולים,386,Giv'olim
גבעון החדשה,1066,Giv'on HaHadasha
גבעות בר,1231,Geva'ot Bar
גבעת אבני,2049,Giv'at Avni
גבעת אלה,1965,Giv'at Ela
גבעת ברנר,2679,Giv'at Brenner
גבעת השלושה,869,Giv'at HaShelosha
גבעת זאב,18420,Giv'at Ze'ev
"גבעת ח""ן",374,Giv'at Hen
גבעת חיים (איחוד),1176,Giv'at Hayyim (Ihud)
גבעת חיים (מאוחד),1019,Giv'at Hayyim(Me'uhad)
גבעת יואב,707,Giv'at Yo'av
גבעת יערים,1454,Giv'at Ye'arim
גבעת ישעיהו,824,Giv'at Yesha'yahu
"גבעת כ""ח",903,Giv'at Koah
"גבעת ניל""י",731,Giv'at Nili
גבעת עוז,464,Giv'at Oz
גבעת שמואל,26578,Giv'at Shemu'el
גבעת שמש,63,Giv'at Shemesh
גבעת שפירא,410,Giv'at Shappira
גבעתי,1047,Giv'ati
גבעתיים,60643,Giv'atayim
גברעם,467,Gevar'am
גבת,932,Gevat
גדות,434,Gadot
גדיש,397,Gadish
גדעונה,470,Gid'ona
גדרה,28314,Gedera
גונן,364,Gonen
גורן,426,Goren
גורנות הגליל,177,Gornot HaGalil
גזית,743,Gazit
גזר,288,Gezer
גיאה,969,Ge'a
גיבתון,369,Gibbeton
גיזו,207,Gizo
גילון,1093,Gilon
גילת,1451,Gilat
גינוסר,585,Ginnosar
גיניגר,703,Ginnegar
גינתון,919,Ginnaton
גיתה,291,Gitta
גיתית,505,Gittit
גלאון,582,Gal'on
גלגל,203,Gilgal
גליל ים,533,Gelil Yam
גלעד (אבן יצחק),493,Gal'ed (Even Yizhaq)
גמזו,1206,Gimzo
גן הדרום,636,Gan HaDarom
גן השומרון,861,Gan HaShomeron
גן חיים,816,Gan Hayyim
גן יאשיה,997,Gan Yoshiyya
גן יבנה,23869,Gan Yavne
גן נר,2671,Gan Ner
גן שורק,694,Gan Soreq
גן שלמה,579,Gan Shelomo
גן שמואל,933,Gan Shemu'el
גנות,588,Gannot
גנות הדר,971,Gannot Hadar
גני הדר,338,Ganne Hadar
גני טל,867,Ganne Tal                                         
גני יוחנן,622,Ganne Yohanan
גני מודיעין,2603,Ganne Modi'in
גני עם,242,Ganne Am
גני תקווה,20398,Ganne Tiqwa
געש,820,Ga'ash
געתון,691,Ga'ton
גפן,411,Gefen
גרופית,249,Gerofit
גשור,280,Geshur
גשר,427,Gesher
גשר הזיו,1614,Gesher HaZiw
גת (קיבוץ),869,Gat(Qibbuz)
גת רימון,326,Gat Rimmon
דאלית אל-כרמל,17652,Daliyat Al-Karmel
דבורה,216,Devora
דבורייה,10510,Daburiyya
דבירה,1007,Devira
דברת,494,Daverat
דגניה א',528,Deganya Alef
דגניה ב',675,Deganya Bet
"דוב""ב",482,Dovev
דולב,1448,Dolev
דור,443,Dor
דורות,843,Dorot
דחי,703,Dahi
דייר אל-אסד,12514,Deir Al-Asad
דייר חנא,10338,Deir Hanna
דייר ראפאת,96,Deir Rafat
דימונה,34499,Dimona
דישון,332,Dishon
דלייה,816,Daliyya
דלתון,862,Dalton 
דמיידה,515,Demeide
דן,745,Dan
דפנה,962,Dafna
דקל,351,Deqel
דריג'את,1243,Derig'at
האון,181,HaOn
הבונים,368,HaBonim
הגושרים,820,HaGosherim
הדר עם,675,Hadar Am 
הוד השרון,63175,Hod HaSharon
הודיות,324,Hodayot
הודייה,548,Hodiyya
הושעיה,2051,Hosha'aya
הזורע,914,HaZorea
הזורעים,1059,HaZore'im
החותרים,859,HaHoterim
היוגב,711,HaYogev
הילה,588,Hilla
המעפיל,868,HaMa'pil
הסוללים,933,HaSolelim 
העוגן,922,HaOgen
הר אדר,4088,Har Adar
הר גילה,1635,Har Gillo
הר עמשא,198,Har Amasa
הראל,264,Har'el
הרדוף,1094,Harduf
הרצלייה,97470,Herzliyya
הררית,543,Hararit
ורד יריחו,341,Wered Yeriho
ורדון,276,Wardon
זבדיאל,559,Zavdi'el
זוהר,350,Zohar
זיקים,852,Ziqim
זיתן,1064,Zetan
זכרון יעקב,23206,Zikhron Ya'aqov
זכריה,1124,Zekharya
זמר,7094,Zemer
זמרת,624,Zimrat
זנוח,525,Zanoah
זרועה,468,Zeru'a
זרזיר,8119,Zarzir
זרחיה,729,Zerahya
ח'ואלד,710,Khawaled
חבצלת השרון,482,Havazzelet HaSharon
חבר,617,Hever
חגור,1162,Hagor
חגי,667,Haggay
חגלה,865,Hogla
חד-נס,810,Had-Nes
חדיד,875,Hadid
חדרה,97334,Hadera
חולדה,1162,Hulda
חולון,196283,Holon
חולית,169,Holit
חולתה,700,Hulata
חוסן,1135,Hosen
חוסנייה,773,Hussniyya
חופית,774,Hofit
חוקוק,612,Huqoq
חורה,22337,Hura
חורפיש,6410,Hurfeish
חורשים,335,Horeshim
חזון,306,Hazon
חיבת ציון,726,Hibbat Ziyyon
חיננית,1411,Hinnanit
חיפה,285317,Haifa
חירות,1298,Herut
חלוץ,536,Haluz
חלץ,455,Helez
"חמ""ד",1316,Hemed
חמאם,1504,Hamam
חמדיה,381,Hamadya
חמדת,296,Hemdat
חמרה,173,Hamra
חניאל,923,Hanni'el
חניתה,755,Hanita
חנתון,984,Hannaton
חספין,2055,Haspin
חפץ חיים,558,Hafez Hayyim
חפצי-בה,732,Hefzi-Bah
חצב,1486,Hazav
חצבה,620,Hazeva
חצור-אשדוד,653,Hazor-Ashdod
חצור הגלילית,9271,Hazor HaGelilit
חצרים,852,Hazerim
חרב לאת,972,Herev Le'Et
חרוצים,846,Haruzim
חריש,13232,Harish
חרמש,224,Hermesh
חרשים,333,Harashim
חשמונאים,2771,Hashmona'im
טבריה,44779,Tiberias
טובא-זנגרייה,6776,Tuba-Zangariyye
טורעאן,14240,Tur'an
טייבה,43957,Tayibe
טייבה (בעמק),1865,Tayibe(Baemeq)
טירה,26552,Tire
טירת יהודה,1201,Tirat Yehuda
טירת כרמל,23112,Tirat Karmel
טירת צבי,901,Tirat Zevi
טל-אל,1186,Tal-El
טל שחר,1369,Tal Shahar
טללים,543,Telalim
טלמון,4575,Talmon
טמרה,34393,Tamra
טמרה (יזרעאל),1601,Tamra (Yizre'el)
טנא,872,Tene
טפחות,478,Tefahot
יאנוח-ג'ת,6679,Yanuh-Jat
יבול,338,Yevul
יבנאל,4243,Yavne'el
יבנה,47585,Yavne
יגור,1617,Yagur
יגל,918,Yagel
יד בנימין,4268,Yad Binyamin
יד השמונה,299,Yad HaShemona
יד חנה,968,Yad Hanna
יד מרדכי,737,Yad Mordekhay
יד נתן,666,Yad Natan
"יד רמב""ם",1125,Yad Rambam             
ידידה,208,Yedida
יהוד,29929,Yehud
יהל,218,Yahel
יובל,637,Yuval
יובלים,1093,Yuvallim
יודפת,907,Yodefat
יונתן,745,Yonatan
יושיביה,683,Yoshivya
יזרעאל,553,Yizre'el 
יחיעם,728,Yehi'am
יטבתה,717,Yotvata
"ייט""ב",359,Yitav
יכיני,734,Yakhini
ינוב,936,Yanuv
ינון,1196,Yinnon
יסוד המעלה,1730,Yesud HaMa'ala
יסודות,924,Yesodot
יסעור,867,Yas'ur
יעד,690,Ya'ad
יעף,300,Ye'af
יערה,752,Ya'ara
יפיע,19151,Yafi
יפית,203,Yafit
יפעת,1208,Yif'at
יפתח,569,Yiftah
יצהר,1726,Yizhar
יציץ,822,Yaziz
יקום,771,Yaqum
יקיר,2288,Yaqir
יקנעם (מושבה),1401,Yoqne'am(Moshava)
יקנעם עילית,23797,Yoqne'am Illit
יראון,404,Yir'on
ירדנה,371,Yardena
ירוחם,10294,Yeroham
ירושלים,936425,Jerusalem
ירחיב,1082,Yarhiv
ירכא,17170,Yirka
ירקונה,360,Yarqona
ישע,414,Yesha
ישעי,771,Yish'i
ישרש,1000,Yashresh
יתד,508,Yated
כאבול,14096,Kabul
כאוכב אבו אל-היג'א,3589,Kaokab Abu Al-Hija
כברי,1054,Kabri
כדורי,248,Kadoorie
כדיתה,180,Kaddita
כוכב השחר,2227,Kokhav HaShahar
כוכב יאיר,8703,Kokhav Ya'ir
כוכב יעקב,8542,Kokhav Ya'aqov
כוכב מיכאל,1051,Kokhav Mikha'el 
כורזים,349,Korazim 
כחל,442,Kahal
כחלה,429,Kochlea
כיסופים,280,Kissufim 
כישור,188,Kishor
כליל,748,Kelil
כלנית,239,Kallanit
כמאנה,1534,Kamane
כמהין,188,Kemehin
כמון,1402,Kammon
כנות,439,Kannot
כנף,461,Kanaf
כנרת (מושבה),685,Kinneret(Moshava)
כנרת (קבוצה),690,Kinneret(Qevuza)
כסיפה,21866,Kuseife
כסלון,427,Kesalon
כסרא-סמיע,8818,Kisra-Sumei
כעביה-טבאש-חג'אג'רה,5504,Ka'abiyye-Tabbash-Hajajre
כפר אביב,821,Kefar Aviv
כפר אדומים,4674,Kefar Adummim
כפר אוריה,947,Kefar Uriyya
כפר אחים,877,Kefar Ahim
כפר ביאליק,856,Kefar Bialik
"כפר ביל""ו",1259,Kefar Bilu
כפר בלום,765,Kefar Blum
כפר בן נון,749,Kefar Bin Nun
כפר ברא,3678,Kafar Bara
כפר ברוך,601,Kefar Barukh
כפר גדעון,346,Kefar Gid'on
כפר גלים,390,Kefar Gallim
כפר גליקסון,338,Kefar Glikson
כפר גלעדי,673,Kefar Gil'adi
כפר דניאל,708,Kefar Daniyyel
כפר האורנים,2658,Kefar HaOranim
כפר החורש,699,Kefar HaHoresh
כפר המכבי,386,Kefar HaMakkabbi
כפר הנגיד,1260,Kefar HaNagid
כפר הנוער הדתי,222,Kefar HaNo'ar Hadati
כפר הנשיא,876,Kefar HaNasi
כפר הס,1593,Kefar Hess
"כפר הרא""ה",1460,Kefar HaRo'e
"כפר הרי""ף",836,Kefar Harif
כפר ויתקין,1973,Kefar Vitkin
כפר ורבורג,1143,Kefar Warburg
כפר ורדים,5487,Kefar Weradim
כפר זוהרים,160,Kefar Zoharim                                     
כפר זיתים,768,Kefar Zetim
"כפר חב""ד",6597,Kefar Habad
כפר חושן,775,Kefar Hoshen
כפר חיטים,618,Kefar Hittim
כפר חיים,648,Kefar Hayyim
כפר חנניה,751,Kefar Hananya
כפר חסידים א',842,Kefar Hasidim Alef
כפר חסידים ב',301,Kefar Hasidim Bet
כפר חרוב,434,Kefar Haruv
כפר טרומן,893,Kefar Truman
כפר יאסיף,10133,Kafar Yasif
כפר ידידיה,730,Kefar Yedidya
כפר יהושע,1224,Kefar Yehoshua
כפר יונה,24779,Kefar Yona
כפר יחזקאל,1213,Kefar Yehezqel
כפר יעבץ,659,Kefar Ya'bez
כפר כמא,3372,Kafar Kama
כפר כנא,22751,Kafar Kanna
כפר מונש,943,Kefar Monash
כפר מימון,375,Kefar Maymon
"כפר מל""ל",325,Kefar Malal
כפר מנדא,20188,Kafar Manda
כפר מנחם,1365,Kefar Menahem
כפר מסריק,868,Kefar Masaryk
כפר מצר,2750,Kafar Misr
כפר מרדכי,644,Kefar Mordekhay
כפר נטר,1192,Kefar Netter
כפר סאלד,675,Kefar Szold
כפר סבא,101431,Kefar Sava
כפר סילבר,290,Kefar Silver
כפר סירקין,1502,Kefar Sirkin
כפר עבודה,229,Kefar Avoda
כפר עזה,720,Kefar Azza
כפר עציון,1156,Kefar Ezyon
כפר פינס,1034,Kefar Pines
כפר קאסם,23823,Kafar Qasem
כפר קיש,619,Kefar Kisch
כפר קרע,19018,Kafar Qara
כפר ראש הנקרה,1362,Kefar Rosh HaNiqra
כפר רוזנואלד (זרעית),243,Kefar Rozenwald(Zarit)
כפר רופין,531,Kefar Ruppin
כפר רות,264,Kefar Rut
כפר שמאי,559,Kefar Shammay
כפר שמואל,956,Kefar Shemu'el
כפר שמריהו,1938,Kefar Shemaryahu
כפר תבור,4310,Kefar Tavor
כפר תפוח,1312,Kefar Tappuah
כרכום,528,Karkom
כרם בן זמרה,526,Kerem Ben Zimra
כרם בן שמן,85,Kerem Ben Shemen 
כרם יבנה (ישיבה),534,Kerem Yavne(Yeshiva)
"כרם מהר""ל",778,Kerem Maharal 
כרם שלום,183,Kerem Shalom
כרמי יוסף,1742,Karme Yosef
כרמי צור,1001,Karme Zur
כרמי קטיף,508,Karme Katif
כרמיאל,46252,Karmi'el
כרמייה,650,Karmiyya
כרמים,489,Keramim
כרמל,437,Karmel
לבון,717,Lavon
לביא,627,Lavi
לבנים,427,Livnim
להב,567,Lahav 
להבות הבשן,916,Lahavot HaBashan 
להבות חביבה,1021,Lahavot Haviva
להבים,6414,Lehavim 
לוד,77222,Lod
לוזית,816,Luzit
לוחמי הגיטאות,706,Lohame HaGeta'ot 
לוטם,782,Lotem
לוטן,178,Lotan
לימן,693,Liman 
לכיש,770,Lakhish
לפיד,2394,Lappid
לפידות,128,Lappidot
לקיה,14074,Laqye
מאור,1399,Ma'or
מאיר שפיה,297,Me'ir Shefeya
מבוא ביתר,965,Mevo Betar
מבוא דותן,448,Mevo Dotan
מבוא חורון,2669,Mevo Horon 
מבוא חמה,459,Mevo Hamma
מבוא מודיעים,255,Mevo Modi'im
מבואות ים,436,Mevo'ot Yam 
מבועים,1235,Mabbu'im 
מבטחים,439,Mivtahim 
מבקיעים,484,Mavqi'im
מבשרת ציון,24052,Mevasseret Ziyyon
מג'ד אל-כרום,15456,Majd al-Kurum
מג'דל שמס,11180,Majdal Shams
מגאר,22956,Mughar
מגדים,1329,Megadim
מגדל,1952,Migdal 
מגדל העמק,25674,Migdal HaEmeq
מגדל עוז,574,Migdal Oz
מגדלים,448,Migdalim 
מגידו,848,Megiddo
מגל,1139,Maggal 
מגן,532,Magen 
מגן שאול,676,Magen Sha'ul 
מגשימים,1088,Magshimim
מדרך עוז,794,Midrakh Oz
מדרשת בן גוריון,1972,Midreshet Ben Gurion
מדרשת רופין,307,Midreshet Ruppin 
מודיעין-מכבים-רעות,93277,Modi'in-Makkabbim-Re'ut
מודיעין עילית,76374,Modi'in Illit
מולדת,1069,Moledet
מוצא עילית,1212,Moza Illit
מוקייבלה,4081,Muqeible
מורן,452,Moran 
מורשת,1489,Moreshet
מזור,1331,Mazor
מזכרת בתיה,14837,Mazkeret Batya
מזרע,756,Mizra
מזרעה,3928,Mazra'a
מחולה,609,Mehola
מחנה יתיר,267,Mahane Yattir
מחניים,818,Mahanayim 
מחסיה,477,Mahseya
מטולה,1615,Metula
מטע,896,Matta
מי עמי,365,Me Ammi
מיטב,471,Metav
מייסר,2017,Meiser
מיצר,299,Mezar
מירב,723,Merav
מירון,985,Meron
מישר,796,Meshar
מיתר,9419,Metar
מכורה,166,Mekhora
מכחול,839,Makchul
מכמורת,1404,Mikhmoret
מכמנים,557,Mikhmannim
מלאה,382,Mele'a
מלילות,360,Melilot
מלכייה,462,Malkiyya
מלכישוע,214,Malkishua
מנוחה,618,Menuha
מנוף,862,Manof
מנות,459,Manot
מנחמיה,1033,Menahemya
מנרה,248,Menara
מנשית זבדה,1389,Manshiyyet Zabda
מסד,347,Massad
מסדה,360,Massada
מסילות,432,Mesillot 
מסילת ציון,1216,Mesillat Ziyyon
מסלול,858,Maslul
מסעדה,3714,Mas'ade
מעברות,986,Ma'barot
מעגלים,2061,Ma'galim 
מעגן,381,Ma'agan
מעגן מיכאל,2039,Ma'agan Mikha'el
מעוז חיים,470,Ma'oz Hayyim 
מעון,595,Ma'on
מעונה,963,Me'ona
מעיין ברוך,767,Ma'yan Barukh
מעיין צבי,749,Ma'yan Zevi
מעיליא,3245,Mi'elya
מעלה אדומים,38154,Ma'ale Adummim 
מעלה אפרים,1261,Ma'ale Efrayim
מעלה גלבוע,840,Ma'ale Gilboa
מעלה גמלא,557,Ma'ale Gamla
מעלה החמישה,794,Ma'ale HaHamisha
מעלה לבונה,906,Ma'ale Levona
מעלה מכמש,1529,Ma'ale Mikhmas
מעלה עירון,15065,Ma'ale Iron 
מעלה עמוס,663,Ma'ale Amos
מעלה שומרון,995,Ma'ale Shomeron
מעלות-תרשיחא,21836,Ma'alot-Tarshiha
מענית,812,Ma'anit
מעש,863,Ma'as
מפלסים,1023,Mefallesim
מצדות יהודה,550,Mezadot Yehuda
מצובה,1165,Mazzuva
מצליח,1363,Mazliah
מצפה,141,Mizpa
"מצפה אבי""ב",1070,Mizpe Aviv
מצפה אילן,626,Mitspe Ilan
מצפה יריחו,2560,Mizpe Yeriho
מצפה נטופה,1029,Mizpe Netofa
מצפה רמון,5212,Mizpe Ramon
מצפה שלם,207,Mizpe Shalem
מצר,384,Mezer
מקווה ישראל,388,Miqwe Yisra'el
מרגליות,411,Margaliyyot
מרום גולן,743,Merom Golan 
מרחב עם,501,Merhav Am
מרחביה (מושב),661,Merhavya(Moshav)
מרחביה (קיבוץ),1248,Merhavya(Qibbuz)
מרכז שפירא,2230,Merkaz Shappira
משאבי שדה,481,Mash'abbe Sade
משגב דב,721,Misgav Dov
משגב עם,339,Misgav Am
משהד,8373,Meshhed
משואה,184,Massu'a
משואות יצחק,697,Massu'ot Yizhaq
משכיות,310,Maskiyyot
משמר איילון,556,Mishmar Ayyalon
משמר דוד,949,Mishmar Dawid
משמר הירדן,810,Mishmar HaYarden 
משמר הנגב,1005,Mishmar HaNegev
משמר העמק,1271,Mishmar HaEmeq
משמר השבעה,1047,Mishmar HaShiv'a
משמר השרון,618,Mishmar HaSharon
משמרות,1024,Mishmarot
משמרת,1059,Mishmeret
משען,1063,Mash'en 
מתן,3617,Mattan
מתת,190,Mattat
מתתיהו,891,Mattityahu
נאות גולן,632,Ne'ot Golan 
נאות הכיכר,447,Ne'ot HaKikkar
נאות מרדכי,620,Ne'ot Mordekhay
נאות סמדר,226,Ne'ot Smadar
נאעורה,2323,Na'ura
נבטים,996,Nevatim 
נגבה,968,Negba
נגוהות,352,Negohot
נהורה,1182,Nehora
נהלל,930,Nahalal
נהרייה,58096,Nahariyya
נוב,965,Nov
נוגה,583,Nogah
נווה,1267,Nave
נווה אבות,254,Newe Avot
נווה אור,349,Newe Ur
"נווה אטי""ב",110,Newe Ativ
נווה אילן,996,Newe Ilan
נווה איתן,311,Newe Etan
נווה דניאל,2322,Newe Daniyyel
נווה זוהר,55,Newe Zohar
נווה זיו,951,Newe Ziv
נווה חריף,114,Newe Harif
נווה ים,232,Newe Yam
נווה ימין,1154,Newe Yamin
נווה ירק,1348,Newe Yaraq
נווה מבטח,677,Newe Mivtah
נווה מיכאל,848,Newe Mikha'el
נווה צוף,1485,Neve Tsuf
נווה שלום,324,Newe Shalom
נועם,356,No'am
נוף איילון,2128,Nof Ayyalon
נוף הגליל,41735,Nof HaGalil
נופים,865,Nofim
נופית,2688,Nofit
נופך,588,Nofekh
נוקדים,2383,Noqedim
נורדייה,1950,Nordiyya
נורית,193,Nurit
נחושה,1484,Nehusha
נחל עוז,422,Nahal Oz
נחלה,717,Nahala
נחליאל,725,Nahali'el
נחלים,1788,Nehalim
נחם,570,Naham
נחף,13113,Nahef
נחשולים,687,Nahsholim
נחשון,589,Nahshon
נחשונים,405,Nahshonim 
נטועה,306,Netu'a
נטור,713,Natur
נטע,613,Neta
נטעים,636,Neta'im 
נטף,448,Nataf
ניין,1876,Nein
"ניל""י",1786,Nili
ניצן,2461,Nizzan
ניצן ב',498,Nizzan B
ניצנה (קהילת חינוך),318,Nizzana (Qehilat Hinuh)
ניצני סיני,286,Nizzane Sinay
ניצני עוז,1114,Nizzane Oz
ניצנים,421,Nizzanim
ניר אליהו,554,Nir Eliyyahu
ניר בנים,726,Nir Banim
ניר גלים,1396,Nir Gallim
ניר דוד (תל עמל),729,Nir Dawid (Tel Amal)
"ניר ח""ן",548,Nir Hen
ניר יפה,724,Nir Yafe
ניר יצחק,630,Nir Yizhaq
ניר ישראל,877,Nir Yisra'el
ניר משה,592,Nir Moshe
ניר עוז,387,Nir Oz
ניר עם,611,Nir Am
ניר עציון,985,Nir Ezyon
ניר עקיבא,685,Nir Aqiva
ניר צבי,1285,Nir Zevi
נירים,360,Nirim
נירית,927,Nirit
נס הרים,1414,Nes Harim
נס עמים,420,Nes Ammim
נס ציונה,50351,Nes Ziyyona
נעורים,422,Ne'urim
נעלה,2148,Na'ale
"נעמ""ה",166,Na'ama
נען,1718,Na'an
נערן,101,Na'aran
נצר חזני,498,Nezer Hazzani                                     
נצר סרני,882,Nezer Sereni
נצרת,77445,Nazareth
נשר,24147,Nesher
נתיב הגדוד,212,Netiv HaGedud
"נתיב הל""ה",654,Netiv HaLamed-He
נתיב העשרה,892,Netiv HaAsara
נתיב השיירה,477,Netiv HaShayyara
נתיבות,37543,Netivot
נתניה,221352,Netanya
סאג'ור,4270,Sajur
סאסא,416,Sasa
סביון*,4037,Savyon
סגולה,717,Segulla
סואעד (חמרייה)*,182,Sawa'id(Hamriyye)
סולם,2609,Sulam
סוסיה,1339,Suseya
סופה,211,Sufa
סח'נין,31703,Sakhnin
סלמה,3340,Sallama
סלעית,1331,Sal'it
סמר,278,Samar
סנסנה,519,Sansana
סעד,854,Sa'ad
סעוה,1867,Sa'Wa
סער,858,Sa'ar
ספיר,447,Sappir
סתרייה,1103,Sitriyya
ע'ג'ר,2659,Ghajar
עבדון,668,Avdon
עברון,847,Evron
עגור,528,Agur
עדי,1910,Adi
עדנים,516,Adanim 
עוזה,429,Uza
עוזייר,3277,Uzeir
עולש,1131,Olesh
עומר,7530,Omer
עופר,652,Ofer
עוצם,653,Ozem
עזוז,75,Ezuz
עזר,817,Ezer
עזריאל,904,Azri'el
עזריה,1227,Azarya
עזריקם,1495,Azriqam
עטרת,900,Ateret
עידן,392,Iddan
עיילבון,5752,Eilabun
עיינות,394,Ayanot
עילוט,8356,Ilut
עין איילה,1149,En Ayyala
עין אל-אסד,886,Ein Al-Asad
עין גב,675,En Gev
עין גדי,610,En Gedi
עין דור,1031,En Dor
עין הבשור,1146,En HaBesor
עין הוד,643,En Hod
עין החורש,835,En HaHoresh
עין המפרץ,1250,En HaMifraz
"עין הנצי""ב",604,En HaNaziv
עין העמק,804,En HaEmeq
עין השופט,862,En HaShofet
עין השלושה,361,En HaShelosha
עין ורד,1503,En Wered
עין זיוון,371,En Ziwan
עין חוד,305,Ein Hod
עין חרוד (איחוד),547,En Harod (Ihud)
עין חרוד (מאוחד),760,En Harod(Me'uhad)
עין יהב,742,En Yahav
עין יעקב,1137,En Ya'aqov
"עין כרם-בי""ס חקלאי",173,En Karem-B.S.Haqla'i
עין כרמל,922,En Karmel 
עין מאהל,13336,Ein Mahel
עין נקובא,3505,Ein Naqquba
עין עירון,545,En Iron
עין צורים,863,En Zurim
עין קנייא,2098,Ein Qiniyye
עין ראפה,1251,Ein Rafa
עין שמר,571,En Shemer
עין שריד,1629,En Sarid
עין תמר,195,En Tamar
עינת,829,Enat
עכו,49380,Akko
עלומים,510,Alumim 
עלי,4415,Eli
עלי זהב,3398,Ale Zahav
עלמה,712,Alma
עלמון,1421,Almon
עמוקה,132,Amuqqa
עמיחי,209,Ammihay
עמינדב,1086,Amminadav
עמיעד,439,Ammi'ad
עמיעוז,209,Ammi'oz
עמיקם,739,Ammiqam
עמיר,584,Amir
עמנואל,3906,Immanu'el
עמקה,772,Amqa
ענב,891,Enav
עספיא,12502,Isifya
עפולה,54251,Afula
עפרה,3043,Ofra
עץ אפרים,2427,Ez Efrayim
עצמון שגב,1121,Atsmon Segev
עראבה,25833,Arrabe
עראמשה*,1682,Aramsha
ערב אל נעים,815,Arab Al Naim
ערד,26756,Arad
ערוגות,1147,Arugot
ערערה,25245,Ar'ara
ערערה-בנגב,18331,Ar'ara-BaNegev
עשרת,1012,Aseret
עתלית,8876,Atlit
עתניאל,1044,Otni'el
פארן,502,Paran
פדואל,2009,Pedu'el
פדויים,520,Peduyim
פדיה,841,Pedaya
פוריידיס,13246,Fureidis
פורייה - כפר עבודה,354,Poriyya-Kefar Avoda
פורייה - נווה עובד,1234,Poriyya-Newe Oved
פורייה עילית,1162,Poriyya Illit
פורת,1276,Porat
פטיש,948,Pattish
פלך,142,Pelekh
פלמחים,689,Palmahim
פני חבר,635,Pene Hever
פסגות,1881,Pesagot
פסוטה,3173,Fassuta
"פעמי תש""ז",562,Pa'ame Tashaz
פצאל,304,Peza'el
פקיעין (בוקייעה),5893,Peqi'in (Buqei'a)
פקיעין חדשה,535,Peqi'in Hadasha
פרדס חנה-כרכור,43012,Pardes Hanna-Karkur
פרדסייה,5930,Pardesiyya
פרוד,596,Parod
פרזון,323,Perazon
פרי גן,246,Peri Gan
פתח תקווה,247957,Petah Tiqwa
פתחיה,841,Petahya
צאלים,471,Ze'elim
צביה,331,Zviyya
צבעון,274,Ziv'on
צובה,625,Zova
צוחר,444,Zohar
צופים,2406,Zufim
צופית,1288,Zofit
צופר,451,Zofar
צוקי ים,268,Zuqi Yam
צוקים,344,Zuqim
צור הדסה,11119,Zur Hadassa
צור יצחק,6361,Zur Yizhaq
צור משה,3291,Zur Moshe
צור נתן,313,Zur Natan
צוריאל,360,Zuri'el
צורית,901,Zurit
ציפורי,973,Zippori
צלפון,1044,Zelafon
צנדלה,1644,Sandala
צפרייה,971,Zafriyya
צפרירים,402,Zafririm
צפת,36094,Zefat
צרופה,1096,Zerufa
צרעה,929,Zor'a
קבוצת יבנה,964,Qevuzat Yavne
קדומים,4545,Qedumim
קדימה-צורן,22683,Qadima- Zoran 
קדמת צבי,500,Qidmat Zevi
קדר,1599,Qedar
קדרון,1607,Qidron
קדרים,270,Qaddarim
קוממיות,559,Qomemiyyut
קורנית,926,Qoranit
קטורה,471,Qetura
קיסריה,5343,Qesaryya
קלחים,643,Qelahim
קליה,437,Qalya
קלנסווה,23144,Qalansawe
קלע,319,Qela
קציר,2884,Qazir
קצר א-סר,2459,Qasr A-Sir
קצרין,7297,Qazrin
קריית אונו,40409,Qiryat Ono
קריית ארבע,7326,Qiryat Arba
קריית אתא,59031,Qiryat Atta
קריית ביאליק,40231,Qiryat Bialik
קריית גת,57105,Qiryat Gat
קריית טבעון,18128,Qiryat Tiv'on
קריית ים,39896,Qiryat Yam
קריית יערים,6128,Qiryat Ye'arim
קריית יערים (מוסד),181,Qiryat Ye'arim(Institute)
קריית מוצקין,43304,Qiryat Motzkin
קריית מלאכי,23820,Qiryat Mal'akhi
קריית נטפים,958,Qiryat Netafim
קריית ענבים,466,Qiryat Anavim
קריית עקרון,11001,Qiryat Eqron
קריית שלמה,132,Qiryat Shelomo
קריית שמונה,22512,Qiryat Shemona
קרני שומרון,8135,Qarne Shomeron
קשת,799,Qeshet
ראמה,7728,Rame
ראס אל-עין,393,Ras Al-Ein
ראס עלי,643,Ras Ali
ראש העין,61800,Rosh HaAyin
ראש פינה,3148,Rosh Pinna
ראש צורים,933,Rosh Zurim
ראשון לציון,254384,Rishon LeZiyyon
רבבה,2632,Revava
רבדים,813,Revadim
רביבים,1076,Revivim 
רביד,114,Ravid
רגבה,1096,Regba
רגבים,480,Regavim
רהט,71437,Rahat
רווחה,551,Rewaha
רוויה,444,Rewaya
רוח מדבר,53,Ruah Midbar
רוחמה,689,Ruhama
רומאנה,1212,Rummane
רומת הייב,2047,Rumat Heib
רועי,175,Ro'i
רותם,228,Rotem
רחוב,401,Rehov
רחובות,143904,Rehovot
רחלים,802,Rehelim
ריחאנייה,1195,Reihaniyye
ריחן,329,Rehan 
ריינה,19001,Reine
רימונים,700,Rimmonim 
רינתיה,1205,Rinnatya
רכסים,12668,Rekhasim 
רם-און,978,Ram-On 
רמות,552,Ramot
רמות השבים,1730,Ramot HaShavim
רמות מאיר,749,Ramot Me'ir
רמות מנשה,1159,Ramot Menashe
רמות נפתלי,546,Ramot Naftali
רמלה,76247,Ramla 
רמת גן,163481,Ramat Gan 
רמת דוד,522,Ramat Dawid
רמת הכובש,1129,Ramat HaKovesh
רמת השופט,1101,Ramat HaShofet
רמת השרון,47246,Ramat HaSharon
רמת יוחנן,1012,Ramat Yohanan
רמת ישי,7784,Ramat Yishay
רמת מגשימים,705,Ramat Magshimim
רמת צבי,710,Ramat Zevi
רמת רזיאל,660,Ramat Razi'el
רמת רחל,545,Ramat Rahel
רנן,703,Rannen
רעים,409,Re'im
רעננה,75422,Ra'annana
רקפת,1057,Raqqefet
רשפון,1458,Rishpon
רשפים,1089,Reshafim
רתמים,537,Retamim
שאר ישוב,668,She'ar Yashuv
שבי דרום,171,Shave Darom
שבי ציון,1205,Shave Ziyyon
שבי שומרון,977,Shave Shomeron
שבלי אום אל-גנם,6053,Shibli-Umm Al-Ghanam
שגב-שלום,10936,Segev-Shalom
שדה אילן,590,Sede Ilan
שדה אליהו,692,Sede Eliyyahu
שדה אליעזר,809,Sede Eli'ezer
שדה בוקר,479,Sede Boqer
שדה דוד,594,Sede Dawid
שדה ורבורג,1479,Sede Warburg
שדה יואב,582,Sede Yo'av
שדה יעקב,1103,Sede Ya'aqov
שדה יצחק,686,Sede Yizhaq
שדה משה,760,Sede Moshe
שדה נחום,806,Sede Nahum
שדה נחמיה,1234,Sede Nehemya
שדה ניצן,335,Sede Nizzan
שדה עוזיהו,1571,Sede Uzziyyahu
שדה צבי,665,Sede Zevi
שדות ים,1096,Sedot Yam
שדות מיכה,378,Sedot Mikha
שדי אברהם,357,Sede Avraham
שדי חמד,1019,Sede Hemed
שדי תרומות,463,Sede Terumot
שדמה,594,Shedema
שדמות דבורה,683,Shadmot Devora
שדמות מחולה,666,Shadmot Mehola
שדרות,27635,Sederot
שואבה,655,Sho'eva
שובה,691,Shuva
שובל,820,Shoval
שוהם,21046,Shoham 
שומרה,353,Shomera
שומרייה,825,Shomeriyya
שוקדה,564,Shoqeda
שורש,1247,Shoresh
שורשים,518,Shorashim
שושנת העמקים,505,Shoshannat HaAmaqim
שזור,323,Shezor
שחר,879,Shahar
שחרות,164,Shaharut
שיבולים,300,Shibbolim 
שייח' דנון,2887,Sheikh Dannun
שילה,4356,Shilo
שילת,771,Shilat
שכניה,814,Shekhanya
שלווה,503,Shalwa
שלוחות,451,Sheluhot
שלומי,6512,Shelomi
שלומית,365,Shlomit                                           
שמיר,923,Shamir
שמעה,741,Shim'a
שמרת,580,Shamerat
שמשית,2514,Shimshit
שני,544,Shani
שניר,586,Senir
שעב,7061,Sha'ab
שעל,276,Sha'al
שעלבים,1928,Sha'alvim 
שער אפרים,1908,Sha'ar Efrayim
שער הגולן,544,Sha'ar HaGolan 
שער העמקים,738,Sha'ar HaAmaqim
שער מנשה,574,Sha'ar Menashe
שערי תקווה,6040,Sha'are Tiqwa
שפיים,1303,Shefayim
שפיר,920,Shafir
שפר,427,Shefer
שפרעם,42136,Shefar'am
שקד,961,Shaqed
שקף,500,Sheqef
שרונה,572,Sharona
שריגים,1082,Sarigim (Li-On)
שריד,882,Sarid
שרשרת,321,Sharsheret
שתולה,293,Shetula
שתולים,2116,Shetulim
תאשור,446,Te'ashur
תדהר,652,Tidhar
תובל,319,Tuval
תומר,276,Tomer
תושייה,955,Tushiyya
תימורים,777,Timmorim
תירוש,493,Tirosh
תל אביב-יפו,460613,Tel Aviv - Yafo
תל יוסף,559,Tel Yosef
תל יצחק,1022,Tel Yizhaq
תל מונד,13144,Tel Mond
תל עדשים,1503,Tel Adashim 
תל קציר,417,Tel Qazir
תל שבע,20808,Tel Sheva
תל תאומים,575,Tel Te'omim 
תלם,445,Telem
תלמי אליהו,302,Talme Eliyyahu
תלמי אלעזר,945,Talme El'azar
"תלמי ביל""ו",529,Talme Bilu
תלמי יוסף,329,Talme Yosef
תלמי יחיאל,997,Talme Yehi'el
תלמי יפה,818,Talme Yafe
תלמים,929,Telamim
תמרת,1293,Timrat
תנובות,831,Tenuvot
תעוז,629,Ta'oz
תפרח,2178,Tifrah
תקומה,722,Tequma
תקוע,4076,Teqoa
תרבין א-צאנע,1139,Tarabin As-Sani
תרום,944,Tarum
